Biomarker,Cond_Importance
N-Abbott IgG,19.75637739
S-Ortho total IgG,19.09811596
RBD-LIPS IgG,14.63014541
RBD-Split-Luc,12.96895801
N-LIPS IgG,8.708053672
RBD-Lum IgG,5.521904408
S-Lum IgG,3.148574266
S-Ortho IgG,2.693137774
N-Split-Luc,2.104705382
S-DiaSorin IgG,0.55391688
Severity,0.107667119
N-frag-Lum IgG,-0.697049243
S-LIPS IgG,-1.935147935
Sex,-2.213174285
N-full-Lum IgG,-2.257089163
Age,-3.735744591